{"time_taken_per_step": 0.11386343002319337, "time_taken": 11.386343002319336}