{"time_taken_per_step": 0.12387420892715455, "time_taken": 12.387420892715454, "num_omp_threads": 4, "num_mpi_ranks": 4}