{"time_taken_per_step": 31.923169708251955, "time_taken": 319.23169708251953, "num_omp_threads": 1, "num_mpi_ranks": 16}