{"time_taken_per_step": 11.556613898277282, "time_taken": 115.56613898277283, "num_omp_threads": 4, "num_mpi_ranks": 4}